Team,Player,Player_Name,Name_ASA
ATL,"Kann, Alec",Alec Kann,Alec Kann
ATL,"De John, Alex",Alex De John,Alex De John
ATL,"Sejdic, Amar",Amar Sejdic,Amar Sejdic
ATL,"Walkes, Anton",Anton Walkes,Anton Walkes
ATL,"Lundgaard, Ben",Ben Lundgaard,
ATL,"Hyndman, Emerson",Emerson Hyndman,Emerson Hyndman
ATL,"Torres, Erick",Erick Torres,Erick Torres
ATL,"Lopez, Erik",Erik Lopez,Erik Lopez
ATL,"Mulraney, Jake",Jake Mulraney,Jake Mulraney
ATL,"Bauer, Joshua",Joshua Bauer,
ATL,"Damm, Jurgen",Jurgen Damm,Jurgen Damm
ATL,"Ambrose, Mikey",Mikey Ambrose,Mikey Ambrose
ATL,"Adams, Mo",Mo Adams,Mohammed Adams
ATL,"Hernandez, Ronald",Ronald Hernandez,Ronald Hernandez
ATX,"Schoenfeld, Aaron",Aaron Schoenfeld,
ATX,"Stanley, Aedan",Aedan Stanley,Aedan Stanley
ATX,"Tarbell, Andrew",Andrew Tarbell,Andrew Tarbell
ATX,"Sweat, Ben",Ben Sweat,Ben Sweat
ATX,"Scott, Brady",Brady Scott,
ATX,"Hoesen, Danny",Danny Hoesen,Danny Hoesen
ATX,"Kleemann, Freddy",Freddy Kleemann,Frederick Kleemann
ATX,"Jimenez, Hector",Hector Jimenez,Hector Jimenez
ATX,"Stroud, Jared",Jared Stroud,Jared Stroud
ATX,"Gallagher, Jon",Jon Gallagher,Jon Gallagher
ATX,"Manneh, Kekuta",Kekuta Manneh,Kekuta Manneh
ATX,"Gaines, McKinze",McKinze Gaines,Orrin McKinze Gaines II
ATX,"Segura, Ulises",Ulises Segura,
ATX,"Pulisic, William",William Pulisic,
CHI,"Medran, Alvaro",Alvaro Medran,Alvaro Medran
CHI,"Shuttleworth, Bobby",Bobby Shuttleworth,Bobby Shuttleworth
CHI,"Collier, Elliot",Elliot Collier,Elliot Collier
CHI,"Calvo, Francisco",Francisco Calvo,Francisco Calvo
CHI,"Kappelhof, Johan",Johan Kappelhof,Johan Kappelhof
CHI,"Kronholm, Kenneth",Kenneth Kronholm,
CHI,"Stojanovic, Luka",Luka Stojanovic,Luka Stojanovic
CHI,"Beric, Robert",Robert Beric,Robert Beric
CIN,"Cruz, Allan",Allan Cruz,Allan Cruz
CIN,"Flanagan, Avionne",Avionne Flanagan,
CIN,"Lundt, Ben",Ben Lundt,
CIN,"Stanko, Caleb",Caleb Stanko,Caleb Stanko
CIN,"Duvall, Chris",Chris Duvall,Chris Duvall
CIN,"Castillo, Edgar",Edgar Castillo,Edgar Castillo
CIN,"Valot, Florian",Florian Valot,Florian Valot
CIN,"Fjeldberg, Jonas",Jonas Fjeldberg,
CIN,"Gyau, Joseph-Claude",Joseph-Claude Gyau,Joe Gyau
CIN,"Mokotjo, Kamohelo",Kamohelo Mokotjo,Kamohelo Mokotjo
CIN,"Vermeer, Kenneth",Kenneth Vermeer,Kenneth Vermeer
CIN,"van der Werff, Maikel",Maikel van der Werff,
CIN,"Tyton, Przemyslaw",Przemyslaw Tyton,Przemyslaw Tyton
CIN,"Kubo, Yuya",Yuya Kubo,Yuya Kubo
CLB,"Wright-Phillips, Bradley",Bradley Wright-Phillips,Bradley Wright-Phillips
CLB,"Dick, Eric",Eric Dick,
CLB,"Hurtado, Erik",Erik Hurtado,Erik Hurtado
CLB,"Bush, Evan",Evan Bush,Evan Bush
CLB,"Lillard, Grant",Grant Lillard,
CLB,"Afful, Harrison",Harrison Afful,Harrison Afful
CLB,"Williams, Joshua",Joshua Williams,Josh Williams
CLB,"Molino, Kevin",Kevin Molino,Kevin Molino
CLB,"Hairston, Marlon",Marlon Hairston,Marlon Hairston
CLB,"Kitchen, Perry",Perry Kitchen,Perry Kitchen
CLB,"Abdul-Salaam, Saad",Saad Abdul-Salaam,Saad Abdul-Salaam
CLB,"Wormgoor, Vito",Vito Wormgoor,Vito Wormgoor
CLB,"Francis, Waylon",Waylon Francis,Waylon Francis
COL,"Rawls, Andre",Andre Rawls,
COL,"Irwin, Clint",Clint Irwin,Clint Irwin
COL,"Warner, Collen",Collen Warner,Collen Warner
COL,"Rubio, Diego",Diego Rubio,Diego Rubio
COL,"Badji, Dominique",Dominique Badji,Dominique Badji
COL,"Moor, Drew",Drew Moor,Drew Moor
COL,"Kelly, Jeremy",Jeremy Kelly,
COL,"Mezquida, Nicolas",Nicolas Mezquida,Nicolas Mezquida
COL,"Beitashour, Steven",Steven Beitashour,Steven Beitashour
COL,"Namli, Younes",Younes Namli,Younes Namli
DCU,"Odoi-Atsem, Chris",Chris Odoi-Atsem,Chris Odoi-Atsem
DCU,"Seitz, Chris",Chris Seitz,Chris Seitz
DCU,"Skundrich, Drew",Drew Skundrich,Drew Skundrich
DCU,"Sorga, Erik",Erik Sorga,Erik Sorga
DCU,"Martins, Felipe",Felipe Martins,Felipe
DCU,"Brillant, Frederic",Frederic Brillant,Frederic Brillant
DCU,"Kempin, Jon",Jon Kempin,Jon Kempin
DCU,"Mora, Joseph",Joseph Mora,Joseph Mora
DCU,"Bolivar, Jovanny",Jovanny Bolivar,
DCU,"Moreno, Junior",Junior Moreno,Junior Moreno
DCU,"Smith, Kimarni",Kimarni Smith,Kimarni Smith
DCU,"DeShields, Michael",Michael DeShields,
DCU,"Abila, Ramon",Ramon Abila,Ramon Abila
DCU,"Asad, Yamil",Yamil Asad,Yamil Asad
DCU,"Reyna, Yordy",Yordy Reyna,Yordy Reyna
FCD,"Ricaurte, Andres",Andres Ricaurte,Andres Ricaurte
FCD,Bressan,Bressan,Bressan
FCD,"Acosta, Bryan",Bryan Acosta,Bryan Acosta
FCD,"Sergio Gomes, Caiser",Caiser Sergio Gomes,
FCD,"Vargas, Freddy",Freddy Vargas,Freddy Vargas
FCD,"Zobeck, Kyle",Kyle Zobeck,
FCD,"Megiolaro, Phelipe",Phelipe Megiolaro,
HOU,"Fuenmayor, Alejandro",Alejandro Fuenmayor,Alejandro Fuenmayor
HOU,"Lassiter, Ariel",Ariel Lassiter,Ariel Lassiter
HOU,"Ceren, Darwin",Darwin Ceren,Darwin Ceren
HOU,"Quintero, Darwin",Darwin Quintero,Darwin Quintero
HOU,"Hoffmann, Ian",Ian Hoffmann,Ian Hoffman
HOU,"Corona, Joe",Joe Corona,Joe Corona
HOU,"Bizama, Jose",Jose Bizama,Jose Bizama
HOU,"Morton, Kyle",Kyle Morton,Kyle Morton
HOU,"Maric, Marko",Marko Maric,Marko Maric
HOU,"Bajamich, Mateo",Mateo Bajamich,Mateo Bajamich
HOU,"Urruti, Maximiliano",Maximiliano Urruti,Maximiliano Urruti
HOU,"Figueroa, Maynor",Maynor Figueroa,Maynor Figueroa
HOU,"Nelson, Michael",Michael Nelson,Michael Nelson
HOU,"Lemoine, Nico",Nico Lemoine,Nico Lemoine
HOU,"Garcia, Oscar",Oscar Garcia,
LAFC,"Quezada, Alvaro",Alvaro Quezada,Alvaro Quezada
LAFC,"Jennings, Caleb",Caleb Jennings,Cal Jennings
LAFC,"Crisostomo, Daniel",Daniel Crisostomo,Daniel Crisostomo
LAFC,"Musovski, Danny",Danny Musovski,Danny Musovski
LAFC,"Rossi, Diego",Diego Rossi,Diego Rossi
LAFC,"Ginella, Francisco",Francisco Ginella,Francisco Ginella
LAFC,"Blackman, Jamal",Jamal Blackman,Jamal Blackman
LAFC,"Harvey, Jordan",Jordan Harvey,Jordan Harvey
LAFC,"Gaines, Julian",Julian Gaines,
LAFC,"Ngalina, Michee",Michee Ngalina,Michee Ngalina
LAFC,"Traore, Mohamed",Mohamed Traore,
LAFC,"Edwards, Raheem",Raheem Edwards,Raheem Edwards
LAFC,"Ibeagha, Sebastien",Sebastien Ibeagha,Sebastien Ibeagha
LAFC,"Blackmon, Tristan",Tristan Blackmon,Tristan Blackmon
MIA,"Matuidi, Blaise",Blaise Matuidi,Blaise Matuidi
MIA,"Shea, Dane",Dane Shea,Brek Shea
MIA,"Castanheira, Dylan",Dylan Castanheira,
MIA,"Acosta, George",George Acosta,
MIA,"Chapman, Jay",Jay Chapman,Jay Chapman
MIA,"Jones, Joevin",Joevin Jones,Joevin Jones
MIA,"McCarthy, John",John McCarthy,John McCarthy
MIA,"Penn, Joshua",Joshua Penn,Joshua Penn
MIA,"Leerdam, Kelvin",Kelvin Leerdam,Kelvin Leerdam
MIA,"Seagrist, Patrick",Patrick Seagrist,
MIA,"Shawcross, Ryan",Ryan Shawcross,Ryan Shawcross
MIA,"Guediri, Sami",Sami Guediri,Sami Guediri
MIA,"Alvarado, Ventura",Ventura Alvarado,Ventura Alvarado
MIN,"Zendejas, Adrian",Adrian Zendejas,
MIN,"Kallman, Brent",Brent Kallman,Brent Kallman
MIN,"Montgomery, Callum",Callum Montgomery,
MIN,"Taylor, D.J.",D.J. Taylor,D.J. Taylor
MIN,"Finlay, Ethan",Ethan Finlay,Ethan Finlay
MIN,"Adi, Fanendo",Fanendo Adi,Fanendo Adi
MIN,"Gregus, Jan",Jan Gregus,Jan Gregus
MIN,"Rosales, Joseph",Joseph Rosales,Joseph Rosales
MIN,"Agudelo, Juan",Juan Agudelo,Juan Agudelo
MIN,"Raitala, Jukka",Jukka Raitala,Jukka Raitala
MIN,"McMaster, Justin",Justin McMaster,Justin McMaster
MIN,"Kibunguchy, Nabi",Nabi Kibunguchy,
MIN,"Hansen, Niko",Niko Hansen,Niko Hansen
MIN,"Billingsley, Noah",Noah Billingsley,
MIN,"Alonso, Osvaldo",Osvaldo Alonso,Osvaldo Alonso
MIN,"Metanire, Romain",Romain Metanire,Romain Metanire
MIN,"Chacon, Thomas",Thomas Chacon,
MTL,"Struna, Aljaz",Aljaz Struna,Aljaz Struna
MTL,"Tabla, Ballou",Ballou Tabla,Ballou Tabla
MTL,"Johnsen, Bjorn",Bjorn Johnsen,Bjorn Maars Johnsen
MTL,"Maciel, Emanuel",Emanuel Maciel,Emanuel Maciel
MTL,"Kone, Ismael",Ismael Kone,
MTL,"Kizza, Mustafa",Mustafa Kizza,Mustafa Kizza
MTL,"Thorkelsson, Robert",Robert Thorkelsson,
MTL,"Camacho, Rudy",Rudy Camacho,Rudy Camacho
MTL,"Breza, Sebastian",Sebastian Breza,Sebastian Breza
MTL,"Wanyama, Victor",Victor Wanyama,Victor Wanyama
NER,"DeLaGarza, A.J.",A.J. DeLaGarza,A.J. DeLaGarza
NER,"Traustason, Arnor",Arnor Traustason,Arnor Ingvi Traustason
NER,"Knighton, Brad",Brad Knighton,Brad Knighton
NER,"Mafla, Christian",Christian Mafla,Christian Mafla
NER,"Verfurth, Collin",Collin Verfurth,
NER,"Edwards Jr., Earl",Earl Edwards Jr.,
NER,"Kizza, Edward",Edward Kizza,Edward Kizza
NER,"Boateng, Emmanuel",Emmanuel Boateng,Emmanuel Boateng
NER,"Ngalina, Michee",Michee Ngalina,Michee Ngalina
NER,"Caldwell, Scott",Scott Caldwell,Scott Caldwell
NER,"Kaptoum, Wilfrid",Wilfrid Kaptoum,Wilfrid Kaptoum
NYC,"Mitrita, Alexandru",Alexandru Mitrita,
NYC,"Tinnerholm, Anton",Anton Tinnerholm,Anton Tinnerholm
NYC,"Mizell, Cody",Cody Mizell,
NYC,"Zelalem, Gedion",Gedion Zelalem,Gedion Zelalem
NYC,"Thorarinsson, Gudmundur",Gudmundur Thorarinsson,Gudmundur Thorarinsson
NYC,"Tajouri-Shradi, Ismael",Ismael Tajouri-Shradi,Ismael Tajouri-Shradi
NYC,"Medina, Jesus",Jesus Medina,Jesus Medina
NYC,"Torres, Juan Pablo",Juan Pablo Torres,
NYC,"Amundsen, Malte",Malte Amundsen,Malte Amundsen
NYC,"Moralez, Maximiliano",Maximiliano Moralez,Maximiliano Moralez
NYC,"Rocha, Tony",Tony Rocha,Tony Rocha
NYC,"Latinovich, Vuk",Vuk Latinovich,Vuk Latinovich
PHI,"Powell, Alvas",Alvas Powell,Alvas Powell
PHI,"Collin, Aurelien",Aurelien Collin,
PHI,"Burke, Cory",Cory Burke,Cory Burke
PHI,"Portella, Gino",Gino Portella,
PHI,Ilsinho,Ilsinho,Ilsinho
PHI,"Bueno, Jesus",Jesus Bueno,Jesus Bueno
PHI,"Bendik, Joseph",Joseph Bendik,Joe Bendik
PHI,"Oravec, Matej",Matej Oravec,
PHI,"Davo, Matheus",Matheus Davo,Davo
PHI,"Findlay, Stuart",Stuart Findlay,Stuart Findlay
POR,"Ivacic, Aljaz",Aljaz Ivacic,Aljaz Ivacic
POR,"Polo, Andy",Andy Polo,Andy Polo
POR,"Valeri, Diego",Diego Valeri,Diego Valeri
POR,"Fochive, George",George Fochive,George Fochive
POR,"Jome, Ismaila",Ismaila Jome,Ismaila Jome
POR,"Attinella, Jeff",Jeff Attinella,Jeff Attinella
POR,"Gonzalez, Jorge",Jorge Gonzalez,
POR,"Van Rankin, Josecarlos",Josecarlos Van Rankin,Jose Van Rankin
POR,"Mabiala, Larrys",Larrys Mabiala,Larrys Mabiala
POR,"Perez, Manny",Manny Perez,Manny Perez
POR,"Bonilla, Pablo",Pablo Bonilla,Pablo Bonilla
POR,"Zambrano, Renzo",Renzo Zambrano,Renzo Zambrano
POR,"Clark, Steven",Steven Clark,Steve Clark
POR,"McGraw, Zac",Zac McGraw,Zac McGraw
RSL,"Putna, Andrew",Andrew Putna,Andrew Putna
RSL,"Morgan, Ashtone",Ashtone Morgan,Ashtone Morgan
RSL,"Toia, Donny",Donny Toia,Donny Toia
RSL,"Martinez, Douglas",Douglas Martinez,Douglas Martinez
RSL,"Luiz, Everton",Everton Luiz,Everton Luiz
RSL,"Ramirez, Jeizon",Jeizon Ramirez,
RSL,"Meram, Justin",Justin Meram,Justin Meram
RSL,"Portillo, Justin",Justin Portillo,Justin Portillo
RSL,"Powder, Noah",Noah Powder,Noah Powder
RSL,"Datkovic, Toni",Toni Datkovic,Toni Datkovic
SEA,"Cissoko, Abdoulaye",Abdoulaye Cissoko,Abdoulaye Cissoko
SEA,"Thomas, Andrew",Andrew Thomas,
SEA,"Smith, Brad",Brad Smith,Brad Smith
SEA,"Montero, Fredy",Fredy Montero,Fredy Montero
SEA,"Delem, Jordy",Jordy Delem,Jordy Delem
SEA,"Rowe, Kelyn",Kelyn Rowe,Kelyn Rowe
SEA,"Benezet, Nicolas",Nicolas Benezet,Nicolas Benezet
SEA,"O'Neill, Shane",Shane O'Neill,Shane O'Neill
SEA,"Richey, Spencer",Spencer Richey,Spencer Richey
SEA,"Cleveland, Stefan",Stefan Cleveland,Stefan Cleveland
SEA,"Bruin, Will",Will Bruin,Will Bruin
SKC,"Dia, Amadou",Amadou Dia,Amadou Dia
SKC,"Smith, Graham",Graham Smith,
SKC,"Sanchez, Ilie",Ilie Sanchez,Ilie Sanchez
SKC,"Martins, Luis",Luis Martins,Luis Martins
SKC,"Puncec, Roberto",Roberto Puncec,Roberto Puncec
TOR,"Dwyer, Dom",Dom Dwyer,Dom Dwyer
TOR,"Zavaleta, Eriq",Eriq Zavaleta,Eriq Zavaleta
TOR,"Lawrence, Kemar",Kemar Lawrence,Kemar Lawrence
TOR,"Silva, Kevin",Kevin Silva,
TOR,"DeLeon, Nick",Nick DeLeon,Nick DeLeon
TOR,"Gonzalez, Omar",Omar Gonzalez,Omar Gonzalez
TOR,"Mullins, Patrick",Patrick Mullins,Patrick Mullins
TOR,"Endoh, Tsubasa",Tsubasa Endoh,Tsubasa Endoh
VAN,"Rose, Andy",Andy Rose,Andy Rose
VAN,"Gaspar, Bruno",Bruno Gaspar,Bruno Gaspar
VAN,"Egbo, David",David Egbo,
VAN,"Cornelius, Derek",Derek Cornelius,Derek Cornelius
VAN,"Godoy, Erik",Erik Godoy,Erik Godoy
VAN,"Newton, Evan",Evan Newton,
VAN,"Jungwirth, Florian",Florian Jungwirth,Florian Jungwirth
VAN,"Bikel, Janio",Janio Bikel,Janio Bikel
VAN,"Khmiri, Jasser",Jasser Khmiri,
VAN,"Owusu, Leonard",Leonard Owusu,Leonard Owusu
VAN,"Godinho, Marcus",Marcus Godinho,Marcus Godinho
VAN,"Teibert, Russell",Russell Teibert,Russell Teibert
VAN,"Ricketts, Tosaint",Tosaint Ricketts,Tosaint Ricketts